helper_Id,dept_Id,FName,LName,Gender,contact_No
8001,106,Qamar,Jan,M,+92 3181605664
8002,124,Liaqat,Dar,M,+92 3194325077
8003,113,Haris,Mughal,M,+92 3118898494
8004,114,Hassan,Zaidi,M,+92 3034761238
8005,122,Wasiq,Cheema,M,+92 3174026742
8006,115,Qaisara,Goraya,F,+92 3384252856
8007,115,Bushra,Bukhari,F,+92 3269003271
8008,109,Basharat,Paracha,M,+92 3105331847
8009,126,Gulzar,Bukhari,M,+92 3223114318
8010,106,Ujala,Awan,F,+92 3255852858
8011,115,Zunaira,Awan,F,+92 3332072850
8012,119,Umaima,Siddiqui,F,+92 3316296925
8013,114,Gulzar,Usmani,M,+92 3196908391
8014,108,Qaisara,Syed,F,+92 3059469010
8015,122,Madiha,Tabassum,F,+92 3178896873
8016,128,Shaista,Lodhi,F,+92 3147372967
8017,115,Wasiq,Gillani,M,+92 3518119653
8018,106,Parveen,Memon,F,+92 3542210323
8019,107,Qasim,Dar,M,+92 3083823416
8020,109,Zaheer,Awan,M,+92 3327885176
8021,130,Farhan,Usmani,M,+92 3375048891
8022,107,Aisha,Zafar,F,+92 3021438665
8023,115,Hafsa,Butt,F,+92 3531553325
8024,125,Jahanara,Dar,F,+92 3392745884
8025,104,Yousuf,Usmani,M,+92 3474870614
8026,123,Ahmed,Memon,M,+92 3150771682
8027,106,Ehtisham,Afridi,M,+92 3394300767
8028,111,Umaima,Jatt,F,+92 3577671939
8029,110,Dania,Naqvi,F,+92 3423995298
8030,125,Nadeem,Butt,M,+92 3587874082
8031,109,Sobia,Noor,F,+92 3317387154
8032,108,Sana,Tabassum,F,+92 3457006191
8033,108,Sohail,Goraya,M,+92 3502385417
8034,102,Wajiha,Chaudhry,F,+92 3390142732
8035,124,Farah,Raja,F,+92 3494220045
8036,116,Sadia,Chaudhry,F,+92 3433951858
8037,107,Palwasha,Zafar,F,+92 3227579186
8038,125,Amna,Bukhari,F,+92 3193339619
8039,128,Hina,Afridi,F,+92 3539825579
8040,102,Moeen,Zaidi,M,+92 3334998758
8041,127,Moeen,Jatt,M,+92 3395861570
8042,117,Sohail,Zaidi,M,+92 3452786211
8043,111,Gulshan,Jatt,M,+92 3215277942
8044,129,Ali,Lodhi,M,+92 3048823389
8045,108,Huma,Pathan,F,+92 3401006393
8046,109,Ujala,Rana,F,+92 3471053154
8047,123,Gulnaz,Baloch,F,+92 3440673085
8048,119,Basharat,Jatt,M,+92 3537657901
8049,101,Zahid,Chaudhry,M,+92 3471366020
8050,120,Naveed,Usmani,M,+92 3080307656
8051,131,Uzma,Mirza,F,+92 3116308798
8052,121,Gulnaz,Saleem,F,+92 3325566471
8053,105,Waheed,Tabassum,M,+92 3090451964
8054,117,Rashid,Usmani,M,+92 3331302207
8055,110,Zoya,Syed,F,+92 3517855048
8056,116,Yasmeen,Qureshi,F,+92 3092997305
8057,111,Naeem,Sheikh,M,+92 3080260679
8058,125,Ujala,Farooqi,F,+92 3536758174
8059,104,Hina,Bajwa,F,+92 3596964226
8060,119,Rehan,Mughal,M,+92 3049090619
8061,104,Aisha,Gujjar,F,+92 3509840445
8062,118,Hafsa,Lodhi,F,+92 3240760519
8063,112,Rafiq,Hashmi,M,+92 3588508006
8064,129,Tabassum,Gujjar,M,+92 3275051699
8065,129,Jahanara,Mughal,F,+92 3050546316
8066,122,Muhammad,Usmani,M,+92 3173924047
8067,107,Bashir,Rajput,M,+92 3473747396
8068,119,Irum,Farooqi,F,+92 3333924344
8069,127,Shumaila,Bajwa,F,+92 3336965893
8070,128,Madiha,Shah,F,+92 3038850104
8071,120,Fatima,Lal,F,+92 3199137782
8072,116,Eman,Mirza,F,+92 3010962577
8073,114,Yasmin,Zaidi,F,+92 3083116639
8074,116,Inam,Mian,M,+92 3318930888
8075,124,Fatima,Rana,F,+92 3525536666
8076,108,Wardah,Warsi,F,+92 3171757382
8077,126,Asif,Zaidi,M,+92 3430062853
8078,109,Naila,Abbasi,F,+92 3099004736
8079,121,Gulzar,Syed,M,+92 3532396418
8080,117,Areeba,Bajwa,F,+92 3150794643
8081,128,Aamir,Raja,M,+92 3597996690
8082,128,Rukhsana,Gillani,F,+92 3155902107
8083,125,Zoya,Farooqi,F,+92 3118243305
8084,113,Ijaz,Gillani,M,+92 3429024201
8085,108,Iqra,Farooqi,F,+92 3337018601
8086,119,Fahad,Cheema,M,+92 3041157056
8087,104,Daniyal,Shah,M,+92 3318574446
8088,103,Naila,Pathan,F,+92 3570135455
8089,111,Danish,Sheikh,M,+92 3536581965
8090,125,Fariha,Mughal,F,+92 3375713565
8091,126,Zeenat,Zafar,F,+92 3581576677
8092,124,Ishrat,Cheema,F,+92 3380588633
8093,119,Palwasha,Bajwa,F,+92 3118799716
8094,116,Tayyaba,Warsi,F,+92 3111587341
8095,118,Jahanara,Cheema,F,+92 3057441629
8096,108,Wajiha,Farooqi,F,+92 3526212380
8097,123,Fatima,Zafar,F,+92 3535888366
8098,122,Sana,Cheema,F,+92 3506331527
8099,107,Fatima,Chaudhry,F,+92 3110831051
8100,109,Bisma,Pathan,F,+92 3588000524
8101,112,Liaqat,Syed,M,+92 3115826296
8102,128,Hussain,Butt,M,+92 3027275031
8103,108,Farah,Abbasi,F,+92 3267536820
8104,105,Eman,Malik,F,+92 3205380714
8105,107,Kamran,Shah,M,+92 3333596154
8106,110,Adnan,Saleem,M,+92 3543914163
8107,126,Nazia,Zafar,F,+92 3445289159
8108,106,Iftikhar,Mian,M,+92 3033884361
8109,114,Kamal,Cheema,F,+92 3443232462
8110,122,Quratulain,Siddiqui,F,+92 3521227567
8111,105,Ehsan,Noor,M,+92 3425387516
8112,112,Sajid,Mughal,M,+92 3225331713
8113,115,Asif,Bhatti,M,+92 3275562202
8114,125,Umaima,Khan,F,+92 3081350718
8115,129,Aftab,Siddiqui,M,+92 3208776965
8116,112,Eman,Afridi,F,+92 3361088842
8117,103,Umair,Chaudhry,M,+92 3564912695
8118,114,Ujala,Mirza,F,+92 3509930379
8119,111,Mehwish,Noor,F,+92 3068137661
8120,115,Ubaid,Afridi,M,+92 3187815707
8121,126,Zaheer,Dar,M,+92 3014314441
8122,110,Yasmin,Usmani,F,+92 3363280424
8123,104,Hamza,Usmani,M,+92 3479427765
8124,110,Noreen,Butt,F,+92 3504445468
8125,122,Iqra,Warraich,F,+92 3120100935
8126,125,Tahira,Hashmi,F,+92 3588295921
8127,125,Kiran,Rajput,F,+92 3501345807
8128,127,Tahira,Chaudhry,F,+92 3417027482
8129,118,Liaqat,Zaidi,M,+92 3479485635
8130,123,Hamza,Gujjar,M,+92 3509823952
8131,116,Mona,Yousafzai,F,+92 3386497584
8132,108,Owais,Lal,M,+92 3341136430
8133,131,Javed,Sial,M,+92 3392873912
8134,105,Hassan,Butt,M,+92 3345319793
8135,131,Inam,Chaudhry,M,+92 3059358264
8136,115,Haris,Lal,M,+92 3365545839
8137,122,Sahar,Warsi,F,+92 3161996076
8138,113,Warda,Jan,F,+92 3443065682
8139,119,Vaseem,Jatt,M,+92 3331562504
8140,113,Inam,Shah,M,+92 3229147621
8141,131,Durr-e-Shehwar,Lodhi,F,+92 3225603148
8142,130,Khalil,Qureshi,M,+92 3547048590
8143,126,Hafsa,Yousafzai,F,+92 3087978725
8144,120,Waqas,Cheema,M,+92 3156785064
8145,116,Basharat,Jatt,M,+92 3212252333
8146,113,Parveen,Naqvi,F,+92 3318549078
8147,115,Yumna,Butt,F,+92 3585257523
8148,120,Ehsan,Bukhari,M,+92 3387940523
8149,119,Fozia,Jatt,F,+92 3573598970
8150,123,Owais,Sheikh,M,+92 3172033690
8151,128,Samina,Naqvi,F,+92 3486068403
8152,106,Fariha,Ansari,F,+92 3445956303
8153,116,Nasir,Memon,M,+92 3439501882
8154,106,Basharat,Sheikh,M,+92 3064212177
8155,102,Fahad,Syed,M,+92 3177165735
8156,127,Kamran,Goraya,M,+92 3454043628
8157,124,Abrar,Lal,M,+92 3186569328
8158,102,Shahid,Jan,M,+92 3249060379
8159,116,Laila,Qazi,F,+92 3406630536
8160,120,Imran,Farooqi,M,+92 3362908046
8161,119,Fawad,Farooqi,M,+92 3387377206
8162,103,Qamar,Warsi,M,+92 3384325936
8163,117,Hussain,Tabassum,M,+92 3358846320
8164,106,Hassan,Usmani,M,+92 3219817111
8165,103,Pervez,Farooqi,M,+92 3193192227
8166,116,Noreen,Afridi,F,+92 3057953726
8167,130,Naila,Memon,F,+92 3024122150
8168,109,Talha,Mughal,M,+92 3320553254
8169,119,Wasiq,Hashmi,M,+92 3392467854
8170,120,Arif,Afridi,M,+92 3359301013
8171,130,Faisal,Ansari,M,+92 3240754484
8172,101,Yousuf,Abbasi,M,+92 3465870773
8173,109,Hamza,Qureshi,M,+92 3093798537
8174,125,Vania,Qureshi,F,+92 3456892930
8175,101,Khalil,Sial,M,+92 3398471628
8176,116,Yaqub,Qazi,M,+92 3015436765
8177,104,Jamshed,Usmani,M,+92 3468627146
8178,125,Samina,Tabassum,F,+92 3549400642
8179,105,Dania,Jan,F,+92 3577065335
8180,114,Sana,Qureshi,F,+92 3099115893
8181,105,Sidra,Noor,F,+92 3026416981
8182,103,Ejaz,Mian,M,+92 3482346013
8183,114,Mehwish,Gujjar,F,+92 3098390420
8184,102,Yumna,Noor,F,+92 3194063137
8185,121,Qaisara,Sial,F,+92 3089751036
8186,112,Jannat,Rajput,F,+92 3376828940
8187,108,Rashid,Jatt,M,+92 3021674619
8188,113,Mansoor,Tabassum,M,+92 3473729455
8189,128,Muhammad,Usmani,M,+92 3448316116
8190,122,Eman,Baloch,F,+92 3151870556
8191,104,Sarmad,Qureshi,M,+92 3559730772
8192,112,Tariq,Saleem,M,+92 3479996807
8193,105,Ishrat,Ghuman,F,+92 3364614717
8194,117,Vania,Sheikh,F,+92 3359764022
8195,118,Durr-e-Shehwar,Jan,F,+92 3460558495
8196,105,Irfan,Malik,M,+92 3577178725
8197,129,Tariq,Kiani,M,+92 3385259970
8198,103,Maqsood,Bhatti,M,+92 3422284428
8199,120,Jannat,Noor,F,+92 3598839842
8200,129,Bilal,Warsi,M,+92 3356805087
8201,104,Jamil,Lodhi,M,+92 3392760148
8202,121,Dilshad,Shah,M,+92 3545163166
8203,123,Farhan,Ghuman,M,+92 3017016105
8204,102,Zoya,Afridi,F,+92 3268427942
8205,101,Gulzar,Jafri,M,+92 3399601866
8206,128,Asghar,Noor,M,+92 3061200393
8207,104,Javed,Ansari,M,+92 3597545780
8208,124,Sajid,Afridi,M,+92 3218549001
8209,102,Nisar,Gujjar,M,+92 3549061750
8210,116,Yousuf,Farooqi,M,+92 3060302812
8211,117,Urooj,Lal,F,+92 3532438314
8212,117,Umar,Jatt,M,+92 3376593919
8213,131,Madiha,Malik,F,+92 3580624216
8214,119,Khalid,Qazi,M,+92 3022042714
8215,131,Quratulain,Sheikh,F,+92 3048325030
8216,107,Zareen,Jafri,F,+92 3448177295
8217,107,Shaista,Awan,F,+92 3080937472
8218,131,Uzma,Khokhar,F,+92 3237845620
8219,121,Wajid,Rana,M,+92 3438286609
8220,103,Erum,Gujjar,F,+92 3377708480
8221,131,Ghulam,Malik,M,+92 3568624906
8222,112,Alina,Zaidi,F,+92 3013479891
8223,108,Lateef,Dar,M,+92 3189649263
8224,101,Mariam,Sheikh,F,+92 3110124856
8225,108,Warda,Qazi,F,+92 3500111762
8226,105,Vania,Siddiqui,F,+92 3392394374
8227,117,Farhan,Warraich,M,+92 3278936549
8228,113,Kamran,Noor,M,+92 3217880532
8229,121,Zahra,Jatt,F,+92 3206090616
8230,118,Irum,Gujjar,F,+92 3517143292
8231,107,Mona,Farooqi,F,+92 3588582284
8232,108,Qaisara,Hashmi,F,+92 3579316204
8233,109,Vaseem,Malik,M,+92 3250097417
8234,108,Bisma,Gillani,F,+92 3038181435
8235,106,Nazia,Butt,F,+92 3567869659
8236,122,Zaheer,Tabassum,M,+92 3119312056
8237,105,Aisha,Yousafzai,F,+92 3495009900
8238,115,Asif,Usmani,M,+92 3265739643
8239,114,Laila,Bhatti,F,+92 3365949404
8240,121,Sumbul,Pathan,F,+92 3330633440
8241,119,Zoya,Abbasi,F,+92 3209803901
8242,117,Javed,Khokhar,M,+92 3538823780
8243,128,Maham,Butt,F,+92 3200841039
8244,111,Muhammad,Afridi,M,+92 3103990702
8245,110,Naeem,Farooqi,M,+92 3435811445
8246,124,Wajid,Dar,M,+92 3229888843
8247,125,Iqra,Lodhi,F,+92 3313858714
8248,105,Anam,Syed,F,+92 3372268997
8249,118,Irfan,Khokhar,M,+92 3065199775
8250,102,Zahra,Tabassum,F,+92 3189678750
8251,126,Nazia,Bhatti,F,+92 3063283423
8252,109,Ejaz,Jafri,M,+92 3586577633
8253,113,Arif,Zaidi,M,+92 3460114599
8254,123,Hussain,Sheikh,M,+92 3042902501
8255,107,Uzma,Chaudhry,F,+92 3507848777
8256,131,Khadija,Bajwa,F,+92 3273193745
8257,131,Dilshad,Malik,M,+92 3464964459
8258,106,Sana,Rana,F,+92 3460013270
8259,101,Babar,Afridi,M,+92 3464932932
8260,126,Umar,Hashmi,M,+92 3000254608
8261,111,Aftab,Mian,M,+92 3446514860
8262,124,Zaman,Lodhi,M,+92 3087273563
8263,130,Bisma,Sheikh,F,+92 3198101043
8264,115,Arif,Paracha,M,+92 3361804193
8265,122,Yasin,Qureshi,M,+92 3545950191
8266,112,Haris,Malik,M,+92 3066950955
8267,113,Sadia,Bajwa,F,+92 3599700624
8268,117,Fozia,Saleem,F,+92 3088684188
8269,111,Rukhsana,Chaudhry,F,+92 3326577888
8270,109,Jannat,Raja,F,+92 3503451843
8271,112,Yasin,Memon,M,+92 3072336605
8272,117,Nisar,Butt,M,+92 3506549863
8273,125,Imran,Farooqi,M,+92 3227727941
8274,102,Ahmed,Naqvi,M,+92 3103531776
8275,124,Lubna,Awan,F,+92 3470151746
8276,101,Talha,Rajput,M,+92 3532300631
8277,105,Rafiq,Baloch,M,+92 3089114158
8278,102,Vania,Ghuman,F,+92 3151828427
8279,129,Wajiha,Jan,F,+92 3076954457
8280,117,Mona,Zafar,F,+92 3333648586
8281,111,Inam,Sheikh,M,+92 3556483603
8282,112,Rubina,Lal,F,+92 3375859439
8283,107,Zoya,Goraya,F,+92 3131074264
8284,111,Haris,Chaudhry,M,+92 3391580812
8285,126,Anam,Pathan,F,+92 3504267891
8286,105,Anam,Qureshi,F,+92 3582638833
8287,128,Bilal,Syed,M,+92 3031226150
8288,126,Rehan,Chaudhry,M,+92 3581337793
8289,117,Jahanara,Saleem,F,+92 3449541340
8290,109,Dilawar,Qureshi,M,+92 3175843397
8291,111,Inam,Bukhari,M,+92 3477389454
8292,109,Aamir,Zafar,M,+92 3550085808
8293,123,Shazia,Warsi,F,+92 3343412859
8294,118,Zeenat,Ansari,F,+92 3057757483
8295,105,Kamran,Gujjar,M,+92 3356334274
8296,128,Tabassum,Sial,M,+92 3226372323
8297,102,Ehtisham,Noor,M,+92 3215748619
8298,115,Yumna,Butt,F,+92 3542256177
8299,112,Zafar,Jan,M,+92 3462709490
8300,126,Jannat,Ghuman,F,+92 3458277330
8301,108,Qasim,Bajwa,M,+92 3492646954
8302,108,Bushra,Bhatti,F,+92 3353955823
8303,103,Junaid,Pathan,M,+92 3463157487
8304,101,Fatima,Gillani,F,+92 3597885919
8305,130,Khadija,Warsi,F,+92 3510685117
8306,106,Durr-e-Shehwar,Chaudhry,F,+92 3571021683
8307,120,Iftikhar,Dar,M,+92 3465561872
8308,106,Ehsan,Farooqi,M,+92 3179015406
8309,101,Warda,Tabassum,F,+92 3059776749
8310,105,Amna,Tabassum,F,+92 3000722031
8311,102,Saima,Sial,F,+92 3456094772
8312,111,Jamil,Zafar,M,+92 3055126616
8313,121,Sobia,Jatt,F,+92 3343919649
8314,101,Vania,Khan,F,+92 3522255740
8315,106,Yusra,Dar,F,+92 3565343730
8316,123,Abrar,Naqvi,M,+92 3318820869
8317,122,Irfan,Usmani,M,+92 3148667992
8318,107,Kashan,Khokhar,M,+92 3455203131
8319,104,Waqas,Kiani,M,+92 3186259961
8320,109,Rehan,Bukhari,M,+92 3341926970
8321,110,Fawad,Raja,M,+92 3570553593
8322,102,Zubair,Butt,M,+92 3567115082
8323,118,Nisar,Warraich,M,+92 3493780907
8324,104,Lubna,Usmani,F,+92 3596294249
8325,131,Kamran,Mian,M,+92 3107032991
8326,124,Tahira,Sheikh,F,+92 3434445334
8327,129,Chaudhry,Qazi,M,+92 3175017408
8328,103,Mehwish,Tabassum,F,+92 3476509341
8329,116,Feroze,Naqvi,M,+92 3043339067
8330,120,Hassan,Khan,M,+92 3270283752
8331,115,Wasiq,Baloch,M,+92 3535568900
8332,130,Mansoor,Warsi,M,+92 3454002621
8333,131,Babar,Paracha,M,+92 3064463748
8334,127,Gulzar,Shah,M,+92 3567574349
8335,104,Lubna,Yousafzai,F,+92 3395859362
8336,114,Pervaiz,Butt,M,+92 3233398374
8337,106,Umair,Gujjar,M,+92 3331658327
8338,128,Rukhsana,Saleem,F,+92 3538255064
8339,122,Ali,Yousafzai,M,+92 3313918060
8340,121,Feroz,Hashmi,M,+92 3170093582
8341,101,Osman,Bajwa,M,+92 3202151119
8342,126,Amna,Goraya,F,+92 3261423020
8343,130,Sarmad,Zafar,M,+92 3112591888
8344,115,Feroze,Bukhari,M,+92 3394576737
8345,110,Zahra,Zaidi,F,+92 3381517894
8346,128,Yusra,Khokhar,F,+92 3190903375
8347,110,Lubna,Ansari,F,+92 3206711840
8348,113,Feroze,Bajwa,M,+92 3517650339
8349,129,Irum,Afridi,F,+92 3065135292
8350,121,Rizwan,Khokhar,M,+92 3334660443
8351,115,Nadeem,Warraich,M,+92 3245722739
8352,123,Gulzar,Afridi,M,+92 3336177150
8353,103,Dania,Naqvi,F,+92 3007947976
8354,125,Jamshed,Memon,M,+92 3494021551
8355,108,Rubina,Usmani,F,+92 3223255258
8356,129,Daniyal,Usmani,M,+92 3529904985
8357,114,Yusra,Jan,F,+92 3034945670
8358,115,Sajid,Jafri,M,+92 3171845433
8359,102,Bushra,Bajwa,F,+92 3468725159
8360,120,Quratulain,Butt,F,+92 3438056600
8361,117,Sadia,Siddiqui,F,+92 3460315522
8362,120,Tanveer,Zaidi,M,+92 3377685352
8363,105,Qasim,Lal,M,+92 3194250250
8364,128,Komal,Jafri,F,+92 3101193678
8365,115,Tahira,Khan,F,+92 3427112406
8366,105,Kiran,Malik,F,+92 3392305387
8367,104,Sultan,Ghuman,M,+92 3088332380
8368,107,Wajid,Ansari,M,+92 3549093847
8369,130,Chaudhry,Mughal,M,+92 3259117297
8370,130,Vaseem,Goraya,M,+92 3597055458
8371,109,Naeem,Pathan,M,+92 3239074607
8372,118,Usman,Usmani,M,+92 3336136732
8373,114,Sana,Memon,F,+92 3499217425
8374,116,Sana,Butt,F,+92 3090163521
8375,112,Shahid,Khokhar,M,+92 3013505747
8376,131,Rashid,Butt,M,+92 3062376021
8377,120,Yusra,Lal,F,+92 3075920579
8378,130,Arif,Farooqi,M,+92 3025976729
8379,106,Jamil,Rajput,M,+92 3455202950
8380,129,Saima,Qazi,F,+92 3222516875
8381,109,Naila,Butt,F,+92 3043318673
8382,113,Bisma,Jan,F,+92 3134069893
8383,107,Palwasha,Sheikh,F,+92 3258505726
8384,113,Mustafa,Bajwa,M,+92 3376296683
8385,113,Shahid,Chaudhry,M,+92 3370476635
8386,122,Zain,Abbasi,M,+92 3249822160
8387,115,Zunaira,Tabassum,F,+92 3518712904
8388,119,Sobia,Sheikh,F,+92 3231251610
8389,105,Gulnaz,Butt,F,+92 3472148042
8390,106,Madiha,Rajput,F,+92 3223331829
8391,123,Daniyal,Lodhi,M,+92 3410776879
8392,122,Palwasha,Bukhari,F,+92 3210590946
8393,107,Pervaiz,Ansari,M,+92 3074733562
8394,104,Ubaid,Raja,M,+92 3106003344
8395,116,Irum,Mughal,F,+92 3354812694
8396,117,Pervaiz,Naqvi,M,+92 3321588748
8397,128,Rauf,Memon,M,+92 3130306533
8398,107,Kashan,Bhatti,M,+92 3347135856
8399,113,Anam,Bhatti,F,+92 3181438593
8400,125,Zoya,Jan,F,+92 3268025688
8401,131,Lateef,Sheikh,M,+92 3144459779
8402,109,Umair,Khokhar,M,+92 3052572463
8403,114,Fozia,Bukhari,F,+92 3023458989
8404,112,Mustafa,Hashmi,M,+92 3028270428
8405,126,Bashir,Jafri,M,+92 3277442010
8406,101,Tayyaba,Baloch,F,+92 3051786655
8407,111,Saima,Bukhari,F,+92 3113287213
8408,104,Zoya,Noor,F,+92 3461806868
8409,110,Umair,Ghuman,M,+92 3591722725
8410,102,Zareen,Syed,F,+92 3236738188
8411,127,Babar,Kiani,M,+92 3376029272
8412,115,Umair,Jatt,M,+92 3171009147
8413,113,Zeenat,Sheikh,F,+92 3359568242
8414,118,Salman,Chaudhry,M,+92 3565784640
8415,130,Ijaz,Zafar,M,+92 3312846139
8416,121,Mustafa,Gillani,M,+92 3181053435
8417,120,Maryam,Warraich,F,+92 3005683078
8418,131,Yasir,Tabassum,M,+92 3523627945
8419,124,Rubina,Usmani,F,+92 3497185391
8420,105,Kashan,Farooqi,M,+92 3247818980
8421,131,Sajid,Warraich,M,+92 3091333785
8422,101,Zoya,Syed,F,+92 3356038808
8423,123,Naeem,Noor,M,+92 3332901875
8424,131,Aftab,Goraya,M,+92 3368431067
8425,128,Zahra,Saleem,F,+92 3406355990
8426,107,Rida,Khan,F,+92 3537242339
8427,121,Hussain,Mirza,M,+92 3275258970
8428,117,Wasiq,Butt,M,+92 3320414970
8429,122,Rashid,Mughal,M,+92 3450645181
8430,123,Anam,Naqvi,F,+92 3109915913
8431,131,Naveed,Butt,M,+92 3311592033
8432,120,Nasir,Siddiqui,M,+92 3508273266
8433,115,Mariam,Rana,F,+92 3374493839
8434,111,Maryam,Warraich,F,+92 3183491527
8435,122,Khalid,Qazi,M,+92 3129682010
8436,120,Yasin,Sheikh,M,+92 3530852051
8437,126,Omar,Dar,M,+92 3049588923
8438,123,Maham,Abbasi,F,+92 3484078264
8439,107,Ishrat,Siddiqui,F,+92 3565626272
8440,121,Asif,Noor,M,+92 3511173262
8441,126,Faisal,Zaidi,M,+92 3588889668
8442,110,Liaqat,Pathan,M,+92 3355069663
8443,116,Sadia,Malik,F,+92 3463076612
8444,129,Uzma,Cheema,F,+92 3489159254
8445,101,Bisma,Cheema,F,+92 3160975224
8446,101,Ejaz,Butt,M,+92 3450504070
8447,129,Ijaz,Naqvi,M,+92 3038301539
8448,122,Ejaz,Butt,M,+92 3187130312
8449,116,Zoya,Shah,F,+92 3048019597
8450,129,Farhan,Usmani,M,+92 3360020659
8451,131,Fawad,Sial,M,+92 3225586278
8452,108,Wasiq,Pathan,M,+92 3322850734
8453,103,Wali,Warsi,M,+92 3094987606
8454,124,Kamal,Farooqi,M,+92 3142231480
8455,114,Wajid,Syed,M,+92 3238553121
8456,127,Zeeshan,Sial,M,+92 3142615641
8457,124,Zubair,Memon,M,+92 3120219213
8458,122,Uzma,Warsi,F,+92 3094168143
8459,124,Zahid,Qazi,M,+92 3089957967
8460,113,Bushra,Butt,F,+92 3521931842
8461,106,Sumbul,Kiani,F,+92 3425364560
8462,124,Sarmad,Bhatti,M,+92 3332849929
8463,115,Sahar,Mughal,F,+92 3454689328
8464,115,Irfan,Noor,M,+92 3550394224
8465,124,Wali,Bukhari,M,+92 3531476491
8466,125,Laila,Qazi,F,+92 3105034662
8467,113,Yasmin,Gujjar,F,+92 3454286627
8468,114,Umaima,Lodhi,F,+92 3243788759
8469,124,Khalil,Cheema,M,+92 3334982419
8470,122,Babar,Gillani,M,+92 3198606073
8471,117,Zareen,Afridi,F,+92 3555134393
8472,111,Shahid,Farooqi,M,+92 3103040619
8473,114,Zaheer,Usmani,M,+92 3079758015
8474,120,Danish,Butt,M,+92 3276144651
8475,106,Fawad,Goraya,M,+92 3402939246
8476,106,Zeenat,Jan,F,+92 3418324725
8477,118,Eman,Khokhar,F,+92 3045097454
8478,105,Sajid,Abbasi,M,+92 3464408527
8479,103,Nasir,Bajwa,M,+92 3575625793
8480,106,Yasin,Abbasi,M,+92 3086810109
8481,113,Nida,Jan,F,+92 3416421627
8482,108,Javed,Sheikh,M,+92 3447891315
8483,125,Kishwar,Butt,M,+92 3521778753
8484,112,Rukhsana,Mian,F,+92 3159950156
8485,115,FarkhAnda,Goraya,F,+92 3499692316
8486,130,Wasiq,Shah,M,+92 3075407249
8487,128,Adnan,Tabassum,M,+92 3426274730
8488,123,Yasmeen,Mughal,F,+92 3193342479
8489,107,Kamal,Jatt,M,+92 3576599534
8490,116,Adnan,Mirza,M,+92 3058372430
8491,116,Ali,Zafar,M,+92 3134156812
8492,106,Yumna,Afridi,F,+92 3005394274
8493,127,Tanveer,Farooqi,M,+92 3054584300
8494,101,Iqra,Malik,F,+92 3026385723
8495,107,Wajiha,Tabassum,F,+92 3134928415
8496,113,Rabia,Malik,F,+92 3423009505
8497,111,Erum,Usmani,F,+92 3268082799
8498,121,Zainab,Gujjar,F,+92 3066196042
8499,109,Umair,Afridi,M,+92 3012188613
8500,122,Rafiq,Warsi,M,+92 3493300543
8501,119,Mehwish,Mirza,F,+92 3591319957
8502,116,Umar,Syed,M,+92 3533188384
8503,114,Khalid,Warraich,M,+92 3138148719
8504,119,Amna,Bukhari,F,+92 3365331601
8505,114,Zahra,Baloch,F,+92 3279089756
8506,128,Liaqat,Malik,M,+92 3536243775
8507,115,Wajiha,Sial,F,+92 3024021476
8508,116,Yasmeen,Butt,F,+92 3568870586
8509,105,Kiran,Mughal,F,+92 3095792186
8510,126,Iqra,Siddiqui,F,+92 3236982554
8511,131,Madiha,Saleem,F,+92 3081866656
8512,116,Kamal,Abbasi,M,+92 3523451395
8513,106,Fozia,Farooqi,F,+92 3462805427
8514,126,Shahid,Abbasi,M,+92 3415946489
8515,128,Inam,Bajwa,M,+92 3121993245
8516,115,Kashish,Khokhar,M,+92 3247991071
8517,112,Rafiq,Saleem,M,+92 3521075563
8518,117,Maham,Sial,F,+92 3345155172
8519,112,Yasir,Bhatti,M,+92 3420101819
8520,129,Erum,Dar,F,+92 3025188911
8521,112,Hamza,Naqvi,M,+92 3451674070
8522,115,Qasim,Zaidi,M,+92 3247508283
8523,112,Babar,Warsi,M,+92 3203541069
8524,112,Adnan,Yousafzai,M,+92 3270391823
8525,130,Mariam,Naqvi,F,+92 3429423048
8526,101,Waqas,Pathan,M,+92 3329770216
8527,130,Mehwish,Bajwa,F,+92 3329164544
8528,107,Shaista,Warsi,F,+92 3407210982
8529,106,Zareen,Bukhari,F,+92 3272775123
8530,101,Durr-e-Shehwar,Jafri,F,+92 3253195360
8531,125,Zubair,Warraich,M,+92 3068165157
8532,130,Zeeshan,Zaidi,M,+92 3329159197
8533,103,Kashan,Saleem,M,+92 3034170424
8534,125,Fahad,Shah,M,+92 3162701295
8535,127,Faisal,Yousafzai,M,+92 3331577221
8536,122,Kashan,Chaudhry,M,+92 3382045434
8537,122,Sameer,Yousafzai,M,+92 3355762506
8538,104,Mona,Usmani,F,+92 3056219745
8539,125,Wardah,Qazi,F,+92 3236343274
8540,101,Ahmed,Warraich,M,+92 3322001401
8541,102,Dilawar,Malik,M,+92 3349139929
8542,120,Salman,Mirza,M,+92 3186991411
8543,119,Huma,Siddiqui,F,+92 3097949425
8544,123,Maham,Yousafzai,F,+92 3527147078
8545,107,Tehmina,Khan,F,+92 3267054888
8546,124,Zahid,Noor,M,+92 3454326856
8547,115,Salman,Jan,M,+92 3463969972
8548,112,Rizwan,Tabassum,M,+92 3236608948
8549,129,FarkhAnda,Bajwa,F,+92 3322763313
8550,127,Gulzar,Afridi,M,+92 3224992300
8551,131,Urooj,Usmani,F,+92 3493859370
8552,127,Bashir,Syed,M,+92 3167110921
8553,109,Aftab,Bukhari,M,+92 3341670884
8554,113,Warda,Zaidi,F,+92 3036702315
8555,123,Yasmin,Bajwa,F,+92 3007376317
8556,108,Mona,Tabassum,F,+92 3076979851
8557,129,Naveed,Malik,M,+92 3017791162
8558,121,Hamza,Memon,M,+92 3461010324
8559,109,Ubaid,Naqvi,M,+92 3589418714
8560,120,Hamza,Ghuman,M,+92 3001840384
8561,123,Sidra,Rana,F,+92 3542097515
8562,124,Yasin,Warsi,M,+92 3473359398
8563,115,Rameez,Gillani,M,+92 3388389314
8564,105,Usman,Usmani,M,+92 3363354913
8565,114,Ishrat,Warsi,F,+92 3516463341
8566,102,Zaheer,Mian,M,+92 3362394576
8567,129,Waheed,Afridi,M,+92 3572344273
8568,112,Yousuf,Sial,M,+92 3373459390
8569,109,Nazia,Ansari,F,+92 3576506633
8570,118,Yasmin,Pathan,F,+92 3326736294
8571,127,Laila,Butt,F,+92 3264326190
8572,114,Sana,Chaudhry,F,+92 3071029824
8573,104,Irfan,Lodhi,M,+92 3569378362
8574,125,Zaheer,Butt,M,+92 3401044770
8575,114,Shazia,Mian,F,+92 3393124039
8576,118,Khadija,Zaidi,F,+92 3110510490
8577,104,Vaseem,Gillani,M,+92 3045011304
8578,130,Ishrat,Zaidi,F,+92 3558594296
8579,124,Bashir,Usmani,M,+92 3112232048
8580,125,Erum,Memon,F,+92 3463722081
8581,114,Saima,Malik,F,+92 3584091326
8582,103,Feroze,Jatt,M,+92 3480051757
8583,112,Mariam,Mirza,F,+92 3581914156
8584,130,Asif,Qureshi,M,+92 3326452650
8585,103,Wajid,Gillani,M,+92 3194950897
8586,113,Naeem,Baloch,M,+92 3536342715
8587,124,Jannat,Usmani,F,+92 3028589645
8588,123,Feroze,Khan,M,+92 3339361789
8589,123,Iqra,Cheema,F,+92 3237695987
8590,105,Asghar,Paracha,M,+92 3584156511
8591,105,Irfan,Naqvi,M,+92 3352909732
8592,118,Shumaila,Naqvi,F,+92 3337879881
8593,131,Pervaiz,Lodhi,M,+92 3269214162
8594,106,Eman,Jatt,F,+92 3362217347
8595,113,Saima,Mian,F,+92 3135463603
8596,120,Latif,Qureshi,M,+92 3244078194
8597,107,Urooj,Jatt,F,+92 3472401298
8598,115,Waheed,Lal,M,+92 3154527190
8599,103,Bashir,Bukhari,M,+92 3448563216
8600,116,Urooj,Goraya,F,+92 3416636567
8601,117,Vania,Kiani,F,+92 3157241948
8602,114,Faisal,Usmani,M,+92 3381256380
8603,110,Hameed,Warsi,M,+92 3492727112
8604,107,Asghar,Bhatti,M,+92 3265299539
8605,102,Saqib,Pathan,M,+92 3019134303
8606,104,Khalil,Tabassum,M,+92 3185985869
8607,112,Ahmed,Bhatti,M,+92 3271163986
8608,112,Kashan,Naqvi,M,+92 3134385994
8609,124,Gulshan,Shah,M,+92 3339776414
8610,111,Tariq,Khokhar,M,+92 3060804213
8611,124,Rukhsana,Lal,F,+92 3546103307
8612,118,Liaqat,Butt,M,+92 3360418337
8613,114,Lateef,Awan,M,+92 3131062473
8614,120,Sidra,Dar,F,+92 3240633611
8615,124,Naveed,Paracha,M,+92 3174337631
8616,114,Fariha,Syed,F,+92 3430552821
8617,107,Salman,Saleem,M,+92 3432452924
8618,127,Zareen,Bhatti,M,+92 3223529474
8619,118,Dilawar,Zafar,M,+92 3166218091
8620,113,Chaudhry,Rana,M,+92 3240948741
8621,122,Warda,Bukhari,F,+92 3427470079
8622,131,Nazia,Zaidi,F,+92 3007730397
8623,110,Wajiha,Pathan,F,+92 3219248412
8624,107,Rida,Hashmi,F,+92 3495503610
8625,127,Gulzar,Warsi,M,+92 3428690781
8626,124,Moeen,Chaudhry,M,+92 3435331474
8627,107,Komal,Kiani,F,+92 3405365759
8628,116,Zareen,Syed,F,+92 3207486961
8629,131,Danish,Usmani,M,+92 3029163445
8630,123,Rashid,Khokhar,M,+92 3366389767
8631,123,Sameer,Usmani,M,+92 3354364584
8632,107,Mariam,Qureshi,F,+92 3245815612
8633,129,Ujala,Pathan,F,+92 3357890993
8634,102,Sohail,Bajwa,M,+92 3581892988
8635,101,Warda,Rana,F,+92 3337059935
8636,126,Wajiha,Rana,F,+92 3063882574
8637,115,Huma,Naqvi,F,+92 3402977534
8638,110,Sana,Sheikh,F,+92 3331718755
8639,123,Rauf,Warraich,M,+92 3366728447
8640,116,Yaqub,Afridi,M,+92 3389040055
8641,118,Shumaila,Malik,F,+92 3556765201
8642,104,Bilal,Qazi,M,+92 3040054721
8643,108,Yumna,Lodhi,F,+92 3218275012
8644,101,Wali,Jafri,M,+92 3477065079
8645,126,Erum,Gujjar,F,+92 3204995474
8646,102,Vania,Mian,F,+92 3140043408
8647,111,Iftikhar,Noor,M,+92 3483622422
8648,116,Jamshed,Butt,M,+92 3218064707
8649,120,Farah,Mughal,F,+92 3116901965
8650,113,Naveed,Awan,M,+92 3206560343
8651,119,Zainab,Chaudhry,F,+92 3511030388
8652,125,Owais,Mian,M,+92 3200872648
8653,106,Liaqat,Usmani,M,+92 3031142540
8654,127,Daniyal,Paracha,M,+92 3399204302
8655,109,Gulnaz,Usmani,F,+92 3276129375
8656,117,Wardah,Rana,F,+92 3244012707
8657,112,Rida,Gillani,F,+92 3224960270
8658,107,Inam,Noor,M,+92 3528081166
8659,116,Junaid,Rajput,M,+92 3007762076
8660,112,Rubina,Zafar,F,+92 3400485722
8661,122,Dania,Jatt,F,+92 3386203869
8662,131,Nida,Butt,F,+92 3257760347
8663,112,Gulshan,Malik,M,+92 3162805134
8664,125,Pervaiz,Afridi,M,+92 3102764096
8665,120,Ejaz,Warraich,M,+92 3476478297
8666,125,Babar,Afridi,M,+92 3173941567
8667,127,Rukhsana,Qureshi,F,+92 3417584780
8668,110,Yasmeen,Khokhar,F,+92 3039404434
8669,124,Rubina,Khokhar,F,+92 3313653173
8670,118,Eman,Bajwa,F,+92 3224147870
8671,114,Dania,Jan,F,+92 3242242983
8672,104,Owais,Jan,M,+92 3586689961
8673,119,Sajid,Noor,M,+92 3183179917
8674,129,Umar,Warraich,M,+92 3543036908
8675,112,Adnan,Sial,M,+92 3383801371
8676,106,Parveen,Jafri,F,+92 3070785841
8677,120,Zara,Cheema,F,+92 3400166719
8678,108,Ehsan,Usmani,M,+92 3425579299
8679,107,FarkhAnda,Paracha,F,+92 3137266332
8680,131,Yasmeen,Naqvi,F,+92 3439394045
8681,127,Chaudhry,Mirza,M,+92 3130259777
8682,119,Chaudhry,Lodhi,M,+92 3392364659
8683,108,Hussain,Ghuman,M,+92 3413643422
8684,111,Waheed,Jatt,M,+92 3002035352
8685,105,Ahmed,Tabassum,M,+92 3007040510
8686,125,Naveed,Zaidi,M,+92 3444608230
8687,108,Shafqat,Jafri,M,+92 3588936060
8688,107,Daniyal,Chaudhry,M,+92 3009155555
8689,120,Maham,Paracha,F,+92 3536070367
8690,128,Durr-e-Shehwar,Hashmi,F,+92 3493542314
8691,112,Shahid,Saleem,M,+92 3328412222
8692,102,Feroz,Rajput,M,+92 3208454489
8693,110,Chaudhry,Lodhi,M,+92 3565467938
8694,108,Daniyal,Warraich,M,+92 3103982438
8695,126,Farhan,Qureshi,M,+92 3598295076
8696,128,Ghazala,Rajput,F,+92 3066278814
8697,108,Moeen,Paracha,M,+92 3548651211
8698,110,Zahra,Warraich,F,+92 3088509027
8699,112,Jannat,Qazi,F,+92 3556589819
8700,120,Zara,Jatt,F,+92 3435209643
8701,116,Fariha,Qazi,F,+92 3073425031
8702,128,Dilawar,Lal,M,+92 3559402067
8703,112,Hamza,Usmani,M,+92 3495497677
8704,106,Mansoor,Pathan,M,+92 3149297564
8705,119,Salman,Warsi,M,+92 3408886918
8706,110,Sultan,Zaidi,M,+92 3492520014
8707,111,Riffat,Memon,F,+92 3468533657
8708,104,Kashan,Bukhari,M,+92 3444117184
8709,128,Bashir,Baloch,M,+92 3157150053
8710,111,Eman,Mirza,F,+92 3125323494
8711,106,Hameed,Qazi,M,+92 3189469317
8712,115,Danish,Khan,M,+92 3591944732
8713,118,Haris,Kiani,M,+92 3117933375
8714,118,Yasmeen,Qureshi,F,+92 3061884464
8715,113,Fawad,Zaidi,M,+92 3041539514
8716,109,FarkhAnda,Afridi,F,+92 3313928453
8717,110,Ghulam,Raja,M,+92 3345784432
8718,104,Maham,Mughal,F,+92 3091826972
8719,121,Palwasha,Zaidi,F,+92 3564137073
8720,119,Kiran,Noor,F,+92 3029086020
8721,105,Eman,Afridi,F,+92 3361208398
8722,113,Arif,Bhatti,M,+92 3536939392
8723,124,Zubair,Jan,M,+92 3461388198
8724,124,Zaman,Mian,M,+92 3488209519
8725,101,Naveed,Naqvi,M,+92 3058348559
8726,115,Zaheer,Gujjar,M,+92 3225093316
8727,130,Usman,Butt,M,+92 3318069226
8728,107,Uzma,Qazi,F,+92 3547742135
8729,121,Jahanara,Tabassum,M,+92 3011131442
8730,121,Salman,Pathan,M,+92 3596445044
8731,128,Vania,Abbasi,F,+92 3427376302
8732,111,Zainab,Syed,F,+92 3108590567
8733,113,Ubaid,Rajput,M,+92 3566778987
8734,130,Ehsan,Khan,M,+92 3072229092
8735,103,Yasmin,Bukhari,F,+92 3368527883
8736,117,Nisar,Abbasi,M,+92 3565217579
8737,102,Jamil,Mian,M,+92 3126541680
8738,127,Hafsa,Pathan,F,+92 3440732980
8739,114,Vaseem,Lodhi,M,+92 3584204777
8740,107,Fawad,Jan,M,+92 3428909119
8741,129,Khadija,Chaudhry,F,+92 3483220657
8742,125,Tahira,Butt,F,+92 3567841822
8743,116,Owais,Gillani,M,+92 3486207390
8744,128,Hamza,Chaudhry,M,+92 3117097370
8745,122,Nadeem,Yousafzai,M,+92 3032263212
8746,113,Fawad,Bukhari,M,+92 3016139608
8747,124,Tabassum,Siddiqui,F,+92 3461888687
8748,114,Khalil,Pathan,M,+92 3492161741
8749,112,Kamal,Usmani,M,+92 3098195309
8750,131,Kashish,Goraya,F,+92 3373597056
8751,107,Feroze,Goraya,M,+92 3456175323
8752,117,Ejaz,Qureshi,M,+92 3011388286
8753,113,Tariq,Bukhari,M,+92 3180200515
8754,104,Farhan,Warsi,M,+92 3316497191
8755,126,Bashir,Afridi,M,+92 3246692626
8756,101,Parveen,Raja,F,+92 3402283326
8757,117,Zareen,Awan,F,+92 3044956596
8758,103,Owais,Noor,M,+92 3456649518
8759,119,Ghazala,Lal,F,+92 3130054974
8760,122,Rabia,Khokhar,F,+92 3364367493
8761,129,Yaqub,Kiani,M,+92 3389273765
8762,122,Vania,Khan,F,+92 3025585761
8763,122,Aamir,Zaidi,M,+92 3121009787
8764,114,Jamshed,Mirza,M,+92 3174942258
8765,101,Dania,Awan,F,+92 3396901050
8766,117,Sultan,Yousafzai,M,+92 3264766463
8767,113,Yasmin,Ansari,F,+92 3375753992
8768,117,Haris,Warsi,M,+92 3483234102
8769,124,Daniyal,Ansari,M,+92 3084626839
8770,119,Sadia,Gujjar,F,+92 3559487739
8771,122,Sajid,Mughal,M,+92 3107270147
8772,124,Zareen,Farooqi,F,+92 3047783343
8773,127,Asif,Malik,M,+92 3404581017
8774,106,Muhammad,Mirza,M,+92 3069806311
8775,103,Arif,Goraya,M,+92 3585196295
8776,129,Wajiha,Mian,F,+92 3427960806
8777,121,Huma,Chaudhry,F,+92 3448773989
8778,124,Haris,Noor,M,+92 3214571382
8779,119,Salman,Siddiqui,M,+92 3401564081
8780,105,Shazia,Ghuman,F,+92 3474053720
8781,125,Farhan,Naqvi,M,+92 3052485293
8782,109,Rashid,Saleem,M,+92 3454499350
8783,130,Ubaid,Noor,M,+92 3053245513
8784,119,Farhan,Rajput,M,+92 3262954874
8785,116,Yasmeen,Siddiqui,F,+92 3497025616
8786,107,Seema,Butt,F,+92 3073615071
8787,115,Huma,Rajput,F,+92 3146350502
8788,101,Qasim,Hashmi,M,+92 3194362198
8789,106,Sameer,Rajput,M,+92 3323134668
8790,116,Kamal,Mian,M,+92 3026898064
8791,102,Fozia,Sial,F,+92 3268478349
8792,127,Farhan,Tabassum,M,+92 3467347436
8793,101,Tabassum,Goraya,F,+92 3471654105
8794,108,Zain,Jatt,M,+92 3316027298
8795,102,Nasir,Usmani,M,+92 3440234943
8796,114,Dilshad,Bajwa,M,+92 3180111922
8797,105,Eman,Yousafzai,F,+92 3166265609
8798,117,Zunaira,Goraya,F,+92 3042613438
8799,115,Fozia,Saleem,F,+92 3425390295
8800,121,Ghazala,Lal,F,+92 3041171106
8801,117,Rehan,Farooqi,M,+92 3393022782
8802,125,Pervez,Farooqi,M,+92 3583203156
8803,104,Hussain,Siddiqui,M,+92 3565130202
8804,131,Ghazala,Farooqi,F,+92 3014623379
8805,102,Kishwar,Jafri,F,+92 3440225776
8806,121,Fawad,Mian,M,+92 3472168924
8807,130,Naveed,Zafar,M,+92 3459032067
8808,108,Rubina,Mirza,F,+92 3126606090
8809,111,Imran,Kiani,M,+92 3122138522
8810,129,Javed,Ansari,M,+92 3164878321
8811,115,Huma,Abbasi,F,+92 3462462848
8812,119,Sahar,Saleem,F,+92 3439091547
8813,115,Saima,Raja,F,+92 3535300685
8814,115,Pervez,Shah,M,+92 3434959570
8815,111,Hameed,Ansari,M,+92 3547819817
8816,101,Abrar,Butt,M,+92 3517490771
8817,115,Khalid,Mughal,M,+92 3222860531
8818,122,Feroze,Zaidi,M,+92 3084280739
8819,104,Aftab,Butt,M,+92 3328298762
8820,112,Sobia,Lal,F,+92 3215684594
8821,127,Yumna,Baloch,F,+92 3243849449
8822,122,Wasiq,Khokhar,M,+92 3381156545
8823,117,Latif,Bajwa,M,+92 3473740813
8824,122,Kamal,Naqvi,F,+92 3144281634
8825,112,Maryam,Saleem,F,+92 3104403524
8826,107,Rizwan,Cheema,M,+92 3388463864
8827,120,Dania,Shah,F,+92 3183918728
8828,110,Imran,Saleem,M,+92 3390984018
8829,114,Zahra,Bhatti,F,+92 3189226341
8830,104,Tabassum,Khan,F,+92 3024389149
8831,106,Tahira,Qazi,F,+92 3511392807
8832,112,Warda,Hashmi,F,+92 3145355576
8833,126,Zunaira,Shah,F,+92 3145530293
8834,112,Fariha,Yousafzai,F,+92 3439032915
8835,123,Zain,Ghuman,M,+92 3478828803
8836,104,Wajiha,Bhatti,F,+92 3502225871
8837,131,Zainab,Sheikh,F,+92 3317901225
8838,111,Eman,Mirza,F,+92 3210597652
8839,131,Wajiha,Siddiqui,F,+92 3251726804
8840,126,Inam,Awan,M,+92 3256784942
8841,128,Nida,Ansari,F,+92 3332713258
8842,129,Jamshed,Rajput,M,+92 3103106203
8843,123,Mehwish,Pathan,F,+92 3235390101
8844,102,Tehmina,Khokhar,F,+92 3176793780
8845,105,Babar,Raja,M,+92 3399487962
8846,107,Aamir,Warraich,M,+92 3520171102
8847,128,Zainab,Kiani,F,+92 3501573724
8848,106,Ubaid,Siddiqui,M,+92 3147499969
8849,113,Aamir,Chaudhry,M,+92 3513904864
8850,122,Gulzar,Baloch,M,+92 3118795560
8851,113,Latif,Malik,M,+92 3383860911
8852,104,Haris,Tabassum,M,+92 3058423089
8853,130,Madiha,Zaidi,F,+92 3448896928
8854,109,Sarmad,Qureshi,M,+92 3152273739
8855,116,Tanveer,Memon,M,+92 3194752898
8856,117,Parveen,Bhatti,F,+92 3365967005
8857,114,Fozia,Syed,F,+92 3582424157
8858,124,Sobia,Qureshi,F,+92 3526170254
8859,107,Wali,Naqvi,M,+92 3222550470
8860,118,Inam,Saleem,M,+92 3167298196
8861,110,Mariam,Khokhar,F,+92 3085436512
8862,119,Saima,Usmani,F,+92 3243315631
8863,112,Moeen,Awan,M,+92 3090099968
8864,111,Khalid,Usmani,M,+92 3342845399
8865,128,Tayyaba,Usmani,M,+92 3514001835
8866,105,Parveen,Mughal,F,+92 3531900854
8867,105,Daniyal,Usmani,M,+92 3030355480
8868,112,Kashan,Khokhar,M,+92 3110108721
8869,105,Rizwan,Zaidi,M,+92 3394103918
8870,116,Asif,Khan,M,+92 3212496500
8871,129,Kishwar,Sheikh,F,+92 3319840238
8872,104,Tehmina,Farooqi,F,+92 3346251935
8873,124,Durr-e-Shehwar,Khokhar,F,+92 3218343396
8874,120,Mustafa,Syed,M,+92 3257246574
8875,113,Eman,Mirza,F,+92 3158205332
8876,110,Abrar,Mirza,M,+92 3560238966
8877,111,Zoya,Qureshi,F,+92 3235140177
8878,101,Ghazala,Awan,F,+92 3057525751
8879,130,Fahad,Tabassum,M,+92 3000142042
8880,114,Uzma,Khokhar,F,+92 3086772304
8881,124,Aftab,Bukhari,M,+92 3169919268
8882,104,Zeeshan,Khokhar,M,+92 3135085548
8883,110,Naeem,Khokhar,M,+92 3265817001
8884,102,Ali,Kiani,M,+92 3459534583
8885,117,Zoya,Gujjar,F,+92 3458725526
8886,129,Pervez,Shah,M,+92 3065298668
8887,109,Rida,Sial,F,+92 3109658061
8888,120,Adnan,Dar,M,+92 3424218166
8889,122,Ehtisham,Jatt,M,+92 3251634710
8890,124,Jamshed,Lodhi,M,+92 3470525363
8891,114,Saima,Jatt,F,+92 3016330314
8892,101,Yasir,Lodhi,M,+92 3213759582
8893,128,Kamran,Rana,M,+92 3453170245
8894,128,Rabia,Noor,F,+92 3381757185
8895,106,Lubna,Zaidi,F,+92 3576989696
8896,101,Kishwar,Tabassum,M,+92 3501720346
8897,124,Hussain,Raja,M,+92 3187748060
8898,107,Sidra,Pathan,F,+92 3458293194
8899,125,Fariha,Sial,F,+92 3020006026
8900,121,Umar,Shah,M,+92 3452684458
8901,111,Zahid,Pathan,M,+92 3278172757
8902,113,Ali,Butt,M,+92 3550225392
8903,114,Umar,Lal,M,+92 3477270812
8904,131,Gulshan,Cheema,M,+92 3334988306
8905,124,Asghar,Yousafzai,M,+92 3186666690
8906,122,Rizwan,Rajput,M,+92 3004648335
8907,123,Madiha,Bajwa,F,+92 3039508290
8908,125,Wasiq,Usmani,M,+92 3243402212
8909,127,Mariam,Sheikh,F,+92 3502067927
8910,124,Riffat,Naqvi,M,+92 3431484014
8911,115,Rafiq,Ghuman,M,+92 3155534666
8912,123,Latif,Jan,M,+92 3198097014
8913,118,Gulzar,Hashmi,M,+92 3163423836
8914,131,Zareen,Lodhi,F,+92 3367343055
8915,131,Rabia,Bukhari,F,+92 3456373577
8916,104,Waheed,Ansari,M,+92 3263886360
8917,105,Komal,Mian,F,+92 3446354837
8918,105,Bisma,Usmani,F,+92 3273835686
8919,108,Areeba,Warsi,F,+92 3496543542
8920,109,Sultan,Hashmi,M,+92 3362249587
8921,119,Aisha,Gillani,F,+92 3251684922
8922,119,Ehsan,Jatt,M,+92 3084346583
8923,113,Shahid,Farooqi,M,+92 3540455902
8924,104,Usman,Khokhar,M,+92 3400367564
8925,107,Rafiq,Rana,M,+92 3509130981
8926,107,Lateef,Usmani,M,+92 3543222299
8927,119,Huma,Mughal,F,+92 3159259745
8928,103,Zaheer,Saleem,M,+92 3070941372
8929,127,Irfan,Jatt,M,+92 3460678171
8930,118,Aisha,Noor,F,+92 3260813010
8931,131,Abrar,Warsi,M,+92 3203645662
8932,115,Tahira,Khokhar,F,+92 3318948692
8933,105,Yasmeen,Zaidi,F,+92 3315092453
8934,130,Dilshad,Jatt,M,+92 3224495427
8935,128,Fawad,Sial,M,+92 3446572251
8936,106,Fawad,Jafri,M,+92 3362230405
8937,117,Owais,Qureshi,M,+92 3324875897
8938,102,Jahanara,Ghuman,F,+92 3555416089
8939,112,Jannat,Hashmi,F,+92 3010802662
8940,106,Gulzar,Qazi,M,+92 3436780870
8941,102,Bisma,Raja,F,+92 3506049893
8942,103,Chaudhry,Malik,M,+92 3354690663
8943,123,Kamran,Kiani,M,+92 3206118815
8944,112,Umar,Syed,M,+92 3056163929
8945,105,Bashir,Saleem,M,+92 3525153652
8946,108,Bisma,Farooqi,F,+92 3209351931
8947,130,Mehwish,Raja,F,+92 3378369885
8948,131,Tanveer,Baloch,M,+92 3057247809
8949,127,Daniyal,Jan,M,+92 3472994199
8950,110,Asif,Mughal,M,+92 3500390934
8951,103,Sajid,Bajwa,M,+92 3381127222
8952,104,Latif,Bajwa,M,+92 3508016228
8953,113,Wajid,Warraich,M,+92 3272980776
8954,101,Erum,Zaidi,F,+92 3068060983
8955,125,Shazia,Raja,F,+92 3138627615
8956,121,Yumna,Syed,F,+92 3199596626
8957,108,Inam,Usmani,M,+92 3588508831
8958,111,Sajid,Khokhar,M,+92 3515340296
8959,111,Kiran,Warraich,F,+92 3385022372
8960,108,Zeeshan,Jatt,M,+92 3566984256
8961,107,Vania,Bajwa,F,+92 3595708175
8962,125,Omar,Ghuman,M,+92 3248549393
8963,102,Jannat,Mughal,F,+92 3209947286
8964,126,Kamran,Mian,M,+92 3467751913
8965,113,Faisal,Awan,M,+92 3017864364
8966,118,Umaima,Gujjar,F,+92 3419344634
8967,104,Nazia,Butt,F,+92 3422939155
8968,131,Naveed,Warsi,M,+92 3075997903
8969,107,Vaseem,Goraya,M,+92 3517681973
8970,124,Umaima,Butt,F,+92 3186011097
8971,122,Yumna,Pathan,F,+92 3180169912
8972,115,Liaqat,Cheema,M,+92 3073231874
8973,116,Nazia,Kiani,F,+92 3370862560
8974,120,Ubaid,Shah,M,+92 3110178434
8975,107,Hamza,Warraich,M,+92 3103159272
8976,130,Lubna,Qazi,F,+92 3040800874
8977,131,Gulnaz,Raja,F,+92 3565052685
8978,105,Irum,Memon,F,+92 3349861519
8979,109,Yasin,Siddiqui,F,+92 3270769699
8980,116,Tanveer,Saleem,M,+92 3376093810
8981,130,Zaman,Raja,M,+92 3421362609
8982,125,Aftab,Bukhari,M,+92 3175764961
8983,117,Zubair,Khan,M,+92 3190330168
8984,116,Qaisara,Bhatti,F,+92 3133382602
8985,115,Shumaila,Mian,F,+92 3579999827
8986,107,Javed,Gillani,M,+92 3022664039
8987,120,Inam,Raja,M,+92 3007139505
8988,119,Aftab,Baloch,M,+92 3144649653
8989,105,Hamza,Cheema,M,+92 3183376619
8990,103,Fariha,Saleem,F,+92 3271259768
8991,114,Nida,Bhatti,F,+92 3081977546
8992,113,Feroz,Baloch,F,+92 3379395360
8993,124,Urooj,Usmani,F,+92 3095327770
8994,115,Haris,Warsi,M,+92 3260360677
8995,103,Moeen,Bukhari,M,+92 3341527266
8996,130,Komal,Gillani,F,+92 3234432208
8997,120,Haris,Qazi,M,+92 3060527779
8998,107,Dilawar,Sial,M,+92 3389032367
8999,103,Umaima,Ansari,F,+92 3150641457
9000,104,Ijaz,Butt,M,+92 3206636446
9001,130,Daniyal,Gujjar,M,+92 3501432103
9002,110,Junaid,Qazi,M,+92 3329425930
9003,107,Bisma,Chaudhry,F,+92 3557361193
9004,128,Urooj,Ansari,F,+92 3393421778
9005,128,Bisma,Butt,F,+92 3086894799
9006,123,Irum,Qazi,F,+92 3252148300
9007,105,Qasim,Warsi,M,+92 3552815857
9008,123,Daniyal,Noor,M,+92 3221959030
9009,128,Noreen,Tabassum,F,+92 3105699336
9010,107,Ejaz,Saleem,M,+92 3443098831
9011,101,Kashif,Bukhari,M,+92 3020357494
9012,131,Shazia,Rajput,F,+92 3086323474
9013,112,Anam,Usmani,F,+92 3327412824
9014,123,Inam,Butt,M,+92 3128204223
9015,125,Sobia,Lodhi,F,+92 3528699250
9016,103,Wajid,Bajwa,M,+92 3255835370
9017,110,Sameer,Zaidi,M,+92 3461291330
9018,125,Kiran,Qureshi,F,+92 3126730678
9019,123,Fahad,Butt,M,+92 3505942268
9020,111,Hassan,Saleem,M,+92 3338885871
9021,126,Junaid,Mian,M,+92 3278620446
9022,109,Saima,Jafri,F,+92 3253522731
9023,120,Uzma,Tabassum,F,+92 3163986784
9024,110,Bushra,Jan,F,+92 3351023239
9025,114,Hafsa,Cheema,F,+92 3232859409
9026,107,Waqas,Abbasi,M,+92 3050002307
9027,127,Usman,Ansari,M,+92 3360824210
9028,116,Kishwar,Ansari,F,+92 3368261250
9029,131,Dilshad,Paracha,M,+92 3005912871
9030,115,Iqra,Butt,F,+92 3127977140
9031,125,Jannat,Mian,F,+92 3172583356
9032,102,Erum,Usmani,F,+92 3259238465
9033,120,Waqas,Jafri,M,+92 3587705846
9034,111,Kamal,Cheema,M,+92 3584127763
9035,131,Iqra,Ghuman,F,+92 3091605856
9036,120,Sana,Butt,F,+92 3471537244
9037,125,Fatima,Gujjar,F,+92 3148859513
9038,127,Zain,Cheema,M,+92 3142631512
9039,117,Tehmina,Tabassum,F,+92 3151405475
9040,103,Huma,Saleem,F,+92 3345910449
9041,105,Usman,Hashmi,M,+92 3244719643
9042,114,Shumaila,Butt,F,+92 3259066567
9043,121,Fawad,Rajput,M,+92 3172111967
9044,126,Imran,Usmani,M,+92 3103640067
9045,129,Maham,Zaidi,F,+92 3119344249
9046,122,Tanveer,Mughal,M,+92 3268855769
9047,127,Faisal,Awan,M,+92 3524435880
9048,117,Sumbul,Ghuman,F,+92 3377223045
9049,121,Jamshed,Saleem,M,+92 3166977936
9050,103,Fatima,Bajwa,F,+92 3456647003
9051,108,Zain,Butt,M,+92 3553005787
9052,114,Zoya,Yousafzai,F,+92 3492362955
9053,115,Parveen,Naqvi,F,+92 3543838718
9054,113,Rehan,Naqvi,M,+92 3104716790
9055,115,Bushra,Sheikh,F,+92 3152985121
9056,111,Zareen,Khan,F,+92 3513150422
9057,104,Naeem,Siddiqui,M,+92 3377429700
9058,128,Samina,Saleem,F,+92 3493361399
9059,110,Farah,Saleem,F,+92 3413515254
9060,115,Junaid,Butt,M,+92 3129024017
9061,113,Zainab,Butt,F,+92 3404967033
9062,106,Laila,Abbasi,F,+92 3546694122
9063,113,Palwasha,Jan,F,+92 3046708320
9064,121,Hafsa,Siddiqui,F,+92 3434551091
9065,121,Jamshed,Rana,M,+92 3403089197
9066,101,Umme Hani,Zaidi,F,+92 3543973528
9067,113,Bilal,Lal,M,+92 3473112058
9068,128,Wajiha,Paracha,F,+92 3483180979
9069,119,Shazia,Warsi,F,+92 3261183544
9070,131,Zubair,Usmani,M,+92 3250618111
9071,125,Jamshed,Yousafzai,M,+92 3020675735
9072,128,Sobia,Jatt,F,+92 3209307951
9073,129,Jahanara,Chaudhry,F,+92 3187802503
9074,105,Waqas,Bajwa,M,+92 3199717616
9075,128,Iqra,Mughal,F,+92 3372056641
9076,113,Wardah,Ansari,F,+92 3136563789
9077,117,Riffat,Butt,F,+92 3551749458
9078,108,Sana,Warsi,F,+92 3102910381
9079,131,Mehwish,Lodhi,F,+92 3554419188
9080,102,Inam,Butt,M,+92 3407529474
9081,111,Kamran,Gillani,M,+92 3257426274
9082,128,Usman,Mian,M,+92 3096896362
9083,115,Qasim,Gillani,M,+92 3517299853
9084,119,Ehsan,Gujjar,M,+92 3489834954
9085,103,Laila,Chaudhry,F,+92 3329032695
9086,123,Ahmed,Bukhari,M,+92 3068150586
9087,106,Maryam,Awan,M,+92 3086437596
9088,106,Bashir,Kiani,M,+92 3451654597
9089,131,Kashif,Butt,M,+92 3197272009
9090,108,Hamza,Jan,M,+92 3073655522
9091,113,Sameer,Farooqi,M,+92 3049145283
9092,126,Salman,Cheema,M,+92 3424793868
9093,124,Shazia,Ghuman,F,+92 3463428711
9094,124,Farhan,Usmani,M,+92 3184219263
9095,113,Sajid,Ansari,M,+92 3136706850
9096,115,Shaista,Qazi,F,+92 3360581554
9097,125,Kishwar,Qazi,F,+92 3164880042
9098,116,Yaqub,Qureshi,M,+92 3419376696
9099,115,Abrar,Gillani,M,+92 3328152516
9100,101,Yusra,Malik,F,+92 3083228109
